{
	"group": "guiding_stone_crafting",
  "type": "minecraft:crafting_shaped",
  "pattern": [
    "012",
    "345",
    "678"
  ],
  "key": {
    "0": {
      "item": "minecraft:glass"
    },
    "1": {
      "item": "minecraft:glowstone"
    },
    "2": {
      "item": "minecraft:glass"
    },
    "3": {
      "item": "minecraft:glass"
    },
    "4": {
      "item": "minecraft:cyan_dye"
    },
    "5": {
      "item": "minecraft:glass"
    },
    "6": {
      "item": "minecraft:glass"
    },
    "7": {
      "item": "minecraft:glowstone"
    },
    "8": {
      "item": "minecraft:glass"
    }
  },
  "result": {
    "item": "endless_deep_space:cyan_guiding_stone",
    "count": 1
  }
}