{
  "type": "minecraft:crafting_shapeless",
  "ingredients": [
    {
      "item": "minecraft:crafting_table"
    },
    {
      "item": "minecraft:crafting_table"
    },
    {
      "item": "minecraft:crafting_table"
    },
    {
      "item": "minecraft:crafting_table"
    },
    {
      "item": "minecraft:crafting_table"
    },
    {
      "item": "minecraft:crafting_table"
    },
    {
      "item": "minecraft:crafting_table"
    },
    {
      "item": "minecraft:crafting_table"
    }
  ],
  "result": {
    "item": "endless_deep_space:transform_station",
    "count": 1
  }
}