{
  "required": true,
  "package": "shirumengya.endless_deep_space.mixins",
  "compatibilityLevel": "JAVA_17",
  "refmap": "endless_deep_space.refmap.json",
  "mixins": [
    "EnchantmentMixin",
    "EntityAccessor",
    "EntityMixin",
    "JukeboxBlockEntityMixin",
    "LivingEntityMixin",
    "RaidMixin",
    "SwordItemMixin",
    "SynchedEntityDataMixin",
    "ThrownTridentInvoker",
    "WardenMixin"
  ],
  "client": [
    "ClientPacketListenerMixin",
    "EntityRenderDispatcherMixin",
    "EntityRendererAccessor",
    "HumanoidArmorLayerMixin",
    "HumanoidModelMixin",
    "ItemRendererMixin",
    "MinecraftMixin",
    "MusicManagerMixin",
    "RenderBuffersMixin",
    "SoundEngineMixin",
    "SoundManagerMixin",
    "ThrownTridentRendererMixin",
    "UtilMixin",
    "WinScreenMixin",
    "SoundEngineAccessor",
    "SoundManagerAccessor",
    "BossHealthOverlayMixin",
    "GuiGraphicsInvoker",
    "LerpingBossEventMixin"
  ],
  "minVersion": "0.8"
}