[
    {
        "section": "Endless Deep Space",
        "disciplines": [
          {
            "discipline": "",
            "titles": [
              {
                "title": "Authors",
                "names": [
                  "是如梦呀rumeng2233"
                ]
              },
              {
                "title": "Created using",
                "names": [
                  "MCreator"
                ]
              },
              {
                "title": "Music By",
                "names": [
                  "是如梦呀rumeng2233",
                  "C418",
                  "HOYO-MiX",
                  "原神",
                  "Genshin Impact",
                  "崩坏：星穹铁道",
                  "Honkai: Star Rail"
                ]
              },
              {
                "title": "Special Thanks",
                "names": [
                  "MCreator",
                  "玩pvz的一个方块",
                  "路人A幽",
                  "胡宸豪",
                  "Better Snowball Fight 2",
                  "The Twilight Forest",
                  "Modding by Kaupenjoe",
                  "Blue Skies",
                  "L_Ender 's Cataclysm",
                  "Goety",
                  "是如梦呀rumeng2233",
                  "C418",
                  "HOYO-MiX",
                  "原神",
                  "Genshin Impact",
                  "崩坏：星穹铁道",
                  "Honkai: Star Rail",
                  "Breath Of The Wild",
                  "Quark",
                  "Paragliders",
                  "Minecraft Wiki",
                  "Guns, Rockets and Atomic Explosions",
                  "Draconic Evolution",
                  "Brandon's Core",
                  "FantasyEnding",
                  "Flandre芙兰",
                  "Cracker's Wither Storm Mod",
                  "Re:Avaritia"
                ]
              }
            ]
          }
        ]
    }
]