{
  "_fv": 69,
  "_type": "tool",
  "definition": {
    "toolType": "Sword",
    "renderType": 0,
    "blockingRenderType": 0,
    "texture": "totem_sword",
    "customModelName": "Normal",
    "blockingModelName": "Normal blocking",
    "name": "Totem Sword",
    "specialInformation": {
      "fixedValue": []
    },
    "creativeTabs": [],
    "efficiency": 100000.0,
    "attackSpeed": 1.6,
    "enchantability": 100000,
    "damageVsEntity": 4.0,
    "usageCount": 0,
    "glowCondition": {
      "fixedValue": true
    },
    "repairItems": [],
    "immuneToFire": true,
    "blockDropsTier": "NETHERITE",
    "additionalDropCondition": {
      "name": "TotemSwordEWaiDeDiaoLuoTiaoJian"
    },
    "blocksAffected": [],
    "stayInGridWhenCrafting": false,
    "damageOnCrafting": false,
    "onEntityHitWith": {
      "name": "TotemSwordShengWuBeiGongJuJiZhongShi"
    }
  }
}