{
  "_fv": 69,
  "_type": "recipe",
  "definition": {
    "recipeType": "Brewing",
    "recipeRetstackSize": 1,
    "group": "",
    "cookingBookCategory": "MISC",
    "xpReward": 0.0,
    "cookingTime": 200,
    "craftingBookCategory": "MISC",
    "recipeShapeless": false,
    "brewingInputStack": {
      "value": "POTION:STRONG_TURTLE_MASTER"
    },
    "brewingIngredientStack": {
      "value": "Items.TOTEM_OF_UNDYING"
    },
    "brewingReturnStack": {
      "value": "POTION:CUSTOM:TotemOfUndyingPotion"
    },
    "name": "totem_of_undying_potion_recipe",
    "namespace": "mod"
  }
}